link,name,price
https://www.whiskyshop.com/cask-treasures-caribbean-blended-rum,Cask Treasures Caribbean Blended Rum,40.00
https://www.whiskyshop.com/the-octave-an-iconic-speyside-2010-11-year-old-2933337,The Octave An Iconic Speyside 2010 11 Year Old #2933337,99.00
https://www.whiskyshop.com/benromach-2012-first-fill-sherry-tws-exclusive,Benromach 2012 #350 First Fill Sherry,88.00
https://www.whiskyshop.com/murray-mcdavid-linkwood-2008-13-year-old,Murray McDavid Linkwood 2008 13 Year Old ,105.00
https://www.whiskyshop.com/the-octave-glengarioch-2012-9-year-old,The Octave Glengarioch 2012 9 Year Old ,99.00
https://www.whiskyshop.com/the-octave-dalmunach-2016,The Octave Dalmunach 2016 5 Year Old #10821726,67.00
https://www.whiskyshop.com/starward-single-barrel-red-wine-barrique,Starward Single Barrel Red Wine Barrique ,93.00
https://www.whiskyshop.com/bushmills-1991-causeway-madeira,Bushmills 1991 Madeira Cask ,695.00
https://www.whiskyshop.com/glenkeir-treasure-coimeasgadh-blended-malt,GlenKeir Treasures Coimeasgadh Blended Malt,55.00
https://www.whiskyshop.com/laphroaig-16yo-2004-first-fill-sherry-octave,The Octave Laphroaig 2004 16 Year Old,375.00
https://www.whiskyshop.com/glenburgie-1995-25-year-old-connoisseurs-choice-tws-exclusive,Glenburgie 1995 25 Year Old Connoisseurs Choice,285.00
https://www.whiskyshop.com/glendronach-1993-26-year-old-8635-tws-exclusive,GlenDronach 1993 26 Year Old #8635,395.00
https://www.whiskyshop.com/balblair-2006-78-the-w-club-exclusive,Balblair 2006 #78,191.00
https://www.whiskyshop.com/kavalan-vinho-barrique,Kavalan Selection Vinho Cask,232.00
https://www.whiskyshop.com/rare-find-tranquillity-1985-highland-single-malt,Rare Find Tranquillity 1985 Highland Single Malt,395.00
https://www.whiskyshop.com/ancnoc-2007-660,anCnoc 2007 #660,97.00
https://www.whiskyshop.com/bunnahabhain-1990-28-year-old-boat-captains-brew,Wemyss Malts Bunnahabhain 1990 28 Year Old Boat Captain's Brew,246.00
https://www.whiskyshop.com/dalmore-12-year-old-sherry-cask,Dalmore 12 Year Old Sherry Cask Select,71.00
https://www.whiskyshop.com/glenkeir-treasures-twin-casks-secret-highland-11-year-old,Glenkeir Treasures Twin Casks Secret Highland 11 Year Old,70.00
https://www.whiskyshop.com/glenkeir-treasures-secret-islay,Glenkeir Treasures Secret Islay,55.00
https://www.whiskyshop.com/darkness-glenrothes-12-year-old-tws-exclusive,Darkness Glenrothes 12 Year Old,77.00
https://www.whiskyshop.com/tamdhu-2006-2165,Tamdhu 2006 15 Year Old #2165,
https://www.whiskyshop.com/the-octave-bunnahabhain-2014-7-year-old-3832397,The Octave Bunnahabhain 2014 7 Year Old #3832397,89.00
https://www.whiskyshop.com/the-octave-ben-nevis-2012-9-year-old-3633067,The Octave Ben Nevis 2012 9 Year Old #3633067,95.00
https://www.whiskyshop.com/the-octave-glengarioch-2012-10-year-old-4633187,The Octave Glengarioch 2012 10 Year Old #4633187,99.00
https://www.whiskyshop.com/white-peak-wire-works-first-release,White Peak Wire Works First Release ,
https://www.whiskyshop.com/cask-treasures-glen-moray-12-year-old-2008,Cask Treasures Glen Moray 2008 12 Year Old,65.00
https://www.whiskyshop.com/the-lakes-single-malt-whisky-makers-forbidden-fruit,The Lakes Single Malt Whiskymaker's Editions: Forbidden Fruit,100.00
https://www.whiskyshop.com/glenfiddich-21-year-old-gran-reserva,Glenfiddich 21 Year Old,from 150.00
https://www.whiskyshop.com/glen-scotia-2015-ruby-port-21-77-2,Glen Scotia 2015 Ruby Port 21/77-2,55.00
https://www.whiskyshop.com/the-octave-ardmore-2010-11-year-old,The Octave Ardmore 2010 11 Year Old,115.00
https://www.whiskyshop.com/darkness-craigellachie-11-year-old-moscatel-cask-finish,Darkness Craigellachie 11 Year Old Moscatel Cask Finish ,95.00
https://www.whiskyshop.com/benriach-12-year-old-4830,BenRiach 12 Year Old #4830 ,102.00
https://www.whiskyshop.com/the-octave-glen-elgin-2010-10-year-old-tws-exclusive,The Octave Glen Elgin 2010 10 Year Old,110.00
https://www.whiskyshop.com/g-m-discovery-miltonduff-10-year-old,Miltonduff 10 Year Old Gordon &amp; MacPhail Discovery Series,48.00
https://www.whiskyshop.com/old-malt-cask-glen-moray-2007-14-year-old,Old Malt Cask Glen Moray 2007 14 Year Old,92.00
https://www.whiskyshop.com/old-malt-cask-mortlach-2007-14-year-old,Old Malt Cask Mortlach 2007 14 Year Old,105.00
https://www.whiskyshop.com/old-malt-cask-linkwood-2002-18-year-old,Old Malt Cask Linkwood 2002 18 Year Old,167.00
https://www.whiskyshop.com/glenallachie-8-year-old,GlenAllachie 8 Year Old,43.99
https://www.whiskyshop.com/highland-park-2008-13yo-octave-tws-exclusive-70cl,Highland Park 2008 13 Year Old Octave #5029773,134.00
https://www.whiskyshop.com/allt-a-bhaine-1996-rare-find-tws-exclusive,Rare Find Allt a Bhaine 24 Year Old,156.00
https://www.whiskyshop.com/buffalo-trace-single-barrel-tws-exclusive,Buffalo Trace Single Barrel Select,52.00
https://www.whiskyshop.com/rare-find-speyside-1982-39-year-old,Rare Find Speyside 1982 39 Year Old,385.00
https://www.whiskyshop.com/the-octave-dalmore-2004-16-year-old,The Octave Dalmore 2004 16 Year Old,295.00
https://www.whiskyshop.com/tamdhu-18-year-old,Tamdhu 18 Year Old,140.00
https://www.whiskyshop.com/the-octave-an-iconic-speyside-2010-11-year-old-2933337,The Octave An Iconic Speyside 2010 11 Year Old #2933337,99.00
https://www.whiskyshop.com/chivas-regal-12-year-old-4-5-litre,Chivas Regal 12 Year Old 4.5 Litre,219.00
https://www.whiskyshop.com/longmorn-23-year-old,Longmorn 23 Year Old,399.00
https://www.whiskyshop.com/glenlivet-1978-private-collection,Glenlivet 1978 Private Collection,"2,099.00"
https://www.whiskyshop.com/kilchoman-2012-sherry-cask-the-w-club-exclusive,Kilchoman 2012 Sherry Cask,115.00
https://www.whiskyshop.com/bimber-exclusive-single-cask,Bimber Single Cask #103,130.00
https://www.whiskyshop.com/bowmore-1988-31-year-old-candied-violets,Wemyss Malts Bowmore 1988 31 Year Old Candied Violets,580.00
https://www.whiskyshop.com/glenallachie-2008-508,Glenallachie 2008 #508,
https://www.whiskyshop.com/glenkeir-treasures-twin-casks-secret-speyside-9-year-old,Glenkeir Treasures Twin Casks Secret Speyside 9 Year Old,68.00
https://www.whiskyshop.com/glenlivet-1976-private-collection,Glenlivet 1976 Private Collection,"2,349.00"
https://www.whiskyshop.com/mortlach-1978-private-collection,Mortlach 1978 Private Collection,"2,099.00"
https://www.whiskyshop.com/mossburn-auchroisk-2007-14-year-old,Mossburn Auchroisk 2007 14 Year Old,58.95
https://www.whiskyshop.com/mossburn-craigellachie-2007-13-year-old,Mossburn Craigellachie 2007 13 Year Old,64.95
https://www.whiskyshop.com/longmorn-18-year-old,Longmorn 18 Year Old,85.00
https://www.whiskyshop.com/invergordon-21-year-old-the-sovereign,Invergordon 21 Year Old The Sovereign,135.00
https://www.whiskyshop.com/old-and-rare-bunnahabhain-30-year-old,Old and Rare Bunnahabhain 30 Year Old,580.00
https://www.whiskyshop.com/penderyn-2014-bourbon-cask-175,Penderyn 2014 Bourbon Cask #175,98.00
https://www.whiskyshop.com/kavalan-selection-port-cask,Kavalan Selection Port Cask,201.00
https://www.whiskyshop.com/highland-park-esquire,Highland Park Esquire,207.00
https://www.whiskyshop.com/old-pulteney-2006-1448,Old Pulteney 2006 #1448,102.00
https://www.whiskyshop.com/glen-keith-25-year-old,Glen Keith 25 Year Old,350.00
https://www.whiskyshop.com/glen-keith-21-year-old,Glen Keith 21 Year Old,150.00
https://www.whiskyshop.com/balvenie-16-year-old-french-oak,Balvenie 16 Year Old French Oak,130.00
https://www.whiskyshop.com/macduff-21-year-old-batch-7-that-boutique-y-whisky-company,Macduff 21 Year Old Batch 7 That Boutique-y Whisky Company,103.95
https://www.whiskyshop.com/berry-bros-rudd-glen-grant-1998-13214,Berry Bros. &amp; Rudd Glen Grant 1998 #13214,230.00
https://www.whiskyshop.com/glenkeir-treasures-secret-speyside-8-year-old,Glenkeir Treasures Secret Speyside 8 Year Old ,55.00
https://www.whiskyshop.com/loch-lomond-2004-single-cask,Loch Lomond 2004 Single Cask,115.00
https://www.whiskyshop.com/north-star-mannochmore-10-year-old-tws-exclusive,North Star Mannochmore 10 Year Old,72.00
https://www.whiskyshop.com/north-star-blended-malt-tws-exclusive,North Star Blended Malt 8 Year Old,58.00
https://www.whiskyshop.com/bushmills-2001-feuillette-cask-finish-the-causeway-collection,Bushmills 2001 Feuillette Cask Finish The Causeway Collection,
https://www.whiskyshop.com/glendronach-33-year-old,Glendronach 33 Year Old,"2,695.00"
https://www.whiskyshop.com/glenfarclas-10-year-old-single-malt,Glenfarclas 10 Year Old Single Malt,36.00
https://www.whiskyshop.com/glenfarclas-12-year-old-single-malt,Glenfarclas 12 Year Old Single Malt,42.00
https://www.whiskyshop.com/glenfarclas-15-year-old-single-malt,Glenfarclas 15 Year Old,58.00
https://www.whiskyshop.com/glenfarclas-105-cask-strength,Glenfarclas 105 Cask Strength,55.95
https://www.whiskyshop.com/loch-lomond-2011-20-895,Loch Lomond 2011 #20/895 ,
https://www.whiskyshop.com/darkness-craigellachie-11-year-old-oloroso-cask-finish,Darkness Craigellachie 11 Year Old Oloroso Cask Finish ,
https://www.whiskyshop.com/arran-the-whisky-shop-london-exclusive-cask-96-862,Arran 1996 #862 The Whisky Shop London Exclusive,
https://www.whiskyshop.com/the-octave-ben-nevis-2012-tws-exclusive,The Octave Ben Nevis 2012,
https://www.whiskyshop.com/darkness-craigellachie-12-year-old,Darkness Craigellachie 12 Year Old,
https://www.whiskyshop.com/arran-1999-225-thew-club-exclusive,Arran 1999 #225,
https://www.whiskyshop.com/the-octave-glenrothes-2009-12-year-old,The Octave Glenrothes 2009 12 Year Old,120.00
https://www.whiskyshop.com/benromach-cara-gold,Benromach Cara Gold,50.00
https://www.whiskyshop.com/aberlour-abunadh-alba,Aberlour Aâ€™bunadh Alba,85.00
https://www.whiskyshop.com/the-octave-dalmunach-2015-6-year-old-10831766,The Octave Dalmunach 2015 6 Year Old #10831766,80.00
https://www.whiskyshop.com/bushmills-2001-feuillette-cask,Bushmills 2001 Feuillette Cask,
https://www.whiskyshop.com/glenallachie-2006-6620,GlenAllachie 2006 #6620,
https://www.whiskyshop.com/glendronach-2006-13-year-old-5538-uk-exclusive,Glendronach 2006 13 Year Old #5538 UK Exclusive,
https://www.whiskyshop.com/theoctave-dalmunach-2016-5-year-old-10831623,The Octave Dalmunach 2016 5 Year Old #10831623,80.00
https://www.whiskyshop.com/strathisla-13-year-old-2008-connoisseurs-choice-uk-exclusive,Strathisla 2008 13 Year Old Connoisseurs Choice UK Exclusive 21/184,99.00
https://www.whiskyshop.com/benromach-2012-first-fill-sherry-tws-exclusive,Benromach 2012 #350 First Fill Sherry,88.00
https://www.whiskyshop.com/benriach-tasting-pack,Benriach Tasting Triple Pack ,19.00
https://www.whiskyshop.com/daftmill-2006-the-w-club-exclusive,Daftmill 2006 #035/2006,
https://www.whiskyshop.com/loch-lomond-2006-18-550-12,Loch Lomond 2006 #18/550-12,
https://www.whiskyshop.com/inchmurrin-2004-17-641-2,Inchmurrin 2004 #17/641-2,
https://www.whiskyshop.com/arran-1995-217,Arran 1995 #217,
https://www.whiskyshop.com/glendronach-1992-27-year-old-5852,Glendronach 1992 27 Year Old #5852,
https://www.whiskyshop.com/glenglassaugh-1978-40-year-old-3060,Glenglassaugh 1978 40 Year Old #3060,
https://www.whiskyshop.com/benriach-12-year-old-tasting-set,Benriach 12 Year Old Tasting Set,14.00
https://www.whiskyshop.com/benriach-10-year-old-tasting-set,Benriach 10 Year Old Tasting Set,12.00
https://www.whiskyshop.com/murray-mcdavid-linkwood-2008-13-year-old,Murray McDavid Linkwood 2008 13 Year Old ,105.00
https://www.whiskyshop.com/the-singleton-of-dufftown-39-year-old,The Singleton of Glen Ord 39 Year Old ,"2,295.00"
https://www.whiskyshop.com/macallan-18-year-old-double-cask-2021,Macallan 18 Year Old Double Cask 2021,325.00
https://www.whiskyshop.com/makers-mark-private-select-batch-3-the-whisky-shop-exclusive,Maker's Mark Private Select Batch #3,
https://www.whiskyshop.com/kavalan-selection-virgin-oak,Kavalan Selection Virgin Oak,
https://www.whiskyshop.com/jack-daniel-s-single-barrel-select-19-07778,Jack Daniel's Single Barrel Select #19-07778,
https://www.whiskyshop.com/glendronach-1993-26-year-old-7434,Glendronach 1993 26 Year Old #7434,
https://www.whiskyshop.com/glenkeir-treasures-speyburn-10-year-old,Glenkeir Treasures Speyburn 10 Year Old,
https://www.whiskyshop.com/maker-s-mark-private-select-batch-2-the-whisky-shop-exclusive,Maker's Mark Private Select Batch #2 Exclusive,
https://www.whiskyshop.com/ancnoc-2009-limited-release,anCnoc 2009 Limited Release ,49.95
https://www.whiskyshop.com/benriach-2009-11-year-old-cask-4833-batch-17,BenRiach 2009 11 Year Old Cask #4833 Batch 17 ,90.00
https://www.whiskyshop.com/macallan-30-year-old-double-cask-2021,Macallan 30 Year Old Double Cask 2021,"4,999.00"
https://www.whiskyshop.com/glen-moray-warehouse-1-1998-barolo-finish,Glen Moray Warehouse 1 1998 Barolo Finish ,145.00
https://www.whiskyshop.com/cardhu-14-year-old-diageo-special-release-2021,Cardhu 14 Year Old Diageo Special Release 2021,120.00
https://www.whiskyshop.com/mortlach-13-year-old-diageo-special-release-2021,Mortlach 13 Year Old Diageo Special Release 2021 ,115.00
https://www.whiskyshop.com/glendronach-1992-26-year-old-the-whisky-shop-exclusive,GlenDronach 1992 26 Year Old The Whisky Shop Exclusive,
https://www.whiskyshop.com/benriach-2005-whisky-shop-exclusive,BenRiach 2005 Whisky Shop Exclusive ,
https://www.whiskyshop.com/kilchoman-2007-single-cask-the-whisky-shop-exclusive,Kilchoman 2007 Single Cask The Whisky Shop Exclusive,
https://www.whiskyshop.com/glenkeir-treasures-aultmore-7-year-old,Glenkeir Treasures Aultmore 7 Year Old,
https://www.whiskyshop.com/glenkeir-treasures-glengoyne-9-year-old,Glenkeir Treasures Glengoyne 9 Year Old,
https://www.whiskyshop.com/singleton-of-glendullan-19-year-old-diageo-special-release-2021,Singleton of Glendullan 19 Year Old Diageo Special Release 2021,140.00
https://www.whiskyshop.com/glenfiddich-40-year-old-2021,Glenfiddich 40 Year Old Release No. 16,"3,299.00"
https://www.whiskyshop.com/darkness-strathisla-15-year-old-moscatel-cask-finish,Darkness Strathisla 15 Year Old Moscatel Cask Finish,181.00
https://www.whiskyshop.com/strathmill-22-year-old-batch-7-that-boutique-y-whisky-company,Strathmill 22 Year Old Batch 7 That Boutique-y Whisky Company ,205.00
https://www.whiskyshop.com/aultmore-38-year-old-batch-17-that-boutique-y-whisky-company,Aultmore 38 Year Old Batch 17 That Boutique-y Whisky Company ,715.00
https://www.whiskyshop.com/mortlach-8-year-old-glenkeir-treasure,Mortlach 8 year old GlenKeir Treasure,
https://www.whiskyshop.com/glenkeir-treasures-fettercairn-8-year-old,Glenkeir Treasures Fettercairn 8 Year Old ,
https://www.whiskyshop.com/balblair-1997-single-cask-the-whisky-shop-exclusive,Balblair 1997 Single Cask The Whisky Shop Exclusive,
https://www.whiskyshop.com/glenkeir-treasures-craigellachie-9-year-old,Glenkeir Treasures Craigellachie 9 Year Old,
https://www.whiskyshop.com/loch-lomond-2001-the-whisky-shop-exclusive-limousin-oak-cask,Loch Lomond 2001 The Whisky Shop Exclusive Limousin Oak Cask,
https://www.whiskyshop.com/glenkeir-treasures-secret-highland,Glenkeir Treasures Secret Highland,
https://www.whiskyshop.com/braes-of-glenlivet-1975-connoisseurs-choice,Braes of Glenlivet 1975 Connoisseurs Choice,475.00
https://www.whiskyshop.com/glenlivet-1949-gordon-macphail,Gordon &amp; MacPhail Glenlivet 1949 ,"3,850.00"
https://www.whiskyshop.com/linkwood-1981-private-collection,Linkwood 1981 Private Collection ,"1,250.00"
https://www.whiskyshop.com/singleton-of-dufftown-25-year-old,Singleton of Dufftown 25 Year Old,330.00
https://www.whiskyshop.com/ladyburn-1974-40-year-old,Ladyburn 1974 40 year old ,
https://www.whiskyshop.com/blue-hanger-8-the-whisky-shop-exclusive,Blue Hanger 8th Limited Release,
https://www.whiskyshop.com/highland-park-2006-single-cask,Highland Park 2006 Single Cask,
https://www.whiskyshop.com/singleton-of-duffton-21-year-old,Singleton of Dufftown 21 Year Old,180.00
https://www.whiskyshop.com/benriach-malting-season,Benriach Malting Season,82.00
https://www.whiskyshop.com/glenburgie-1995-25-year-old-connoisseurs-choice-tws-exclusive,Glenburgie 1995 25 Year Old Connoisseurs Choice,285.00
https://www.whiskyshop.com/bowmore-laimrig-15-year-old-with-free-glass,Bowmore Laimrig 15 year old with free glass,
https://www.whiskyshop.com/macallan-18-sherry-oak-2021,Macallan 18 Year Old Sherry Oak 2021,550.00
https://www.whiskyshop.com/glenlivet-1979-39-year-old-cask-19236-g-m-archive,Glenlivet 1979 39 Year Old Gordon &amp; MacPhail Archive,980.00
https://www.whiskyshop.com/gordon-macphail-glen-grant-1951-60-year-old,Glen Grant 1951 bottled in 2013 ,"3,750.00"
https://www.whiskyshop.com/darkness-caperdonich-24-year-old-pedro-ximenez-cask,Darkness Caperdonich 24 Year Old Pedro Ximenez Cask,346.00
https://www.whiskyshop.com/longmorn-1987-33-year-old-connoisseurs-choice,Longmorn 1987 33 Year Old Connoisseurs Choice,870.00
https://www.whiskyshop.com/strathisla-1987-33-year-old-connoisseurs-choice,Strathisla 1987 33 Year Old Connoisseurs Choice,770.00
https://www.whiskyshop.com/benrinnes-1990-30-year-old-connoisseurs-choice,Benrinnes 1990 30 Year Old Connoisseurs Choice,505.00
https://www.whiskyshop.com/glenfiddich-grande-couronne-26-year-old,Glenfiddich Grande Couronne 26 Year Old,from 450.00
https://www.whiskyshop.com/benriach-25-year-oldd,Benriach 25 Year Old The Twenty Five,312.00
https://www.whiskyshop.com/benriach-the-smoke-season,Benriach Smoke Season,51.00
https://www.whiskyshop.com/aberlour-14-year-old-double-cask,Aberlour 14 Year Old Double Cask ,54.00
https://www.whiskyshop.com/benromach-21-year-old,Benromach 21 Year Old,130.00
https://www.whiskyshop.com/benriach-2005-14-year-old-7553,Benriach 2005 UK Exclusive Peated Rum Cask #7553,120.00
https://www.whiskyshop.com/the-singleton-of-glen-ord-38-year-old-epicurean-odyssey,The Singleton of Glen Ord 38 Year Old Epicurean Odyssey,"2,100.00"
https://www.whiskyshop.com/singleton-of-dufftown-12-year-old-tumbler-gift-set,Singleton of Dufftown 12 Year Old Tumbler Gift Set,42.00
https://www.whiskyshop.com/gordon-macphail-glen-grant-1954-59-year-old,Gordon &amp; MacPhail Glen Grant 1954 59 Year Old,"2,500.00"
https://www.whiskyshop.com/gordon-macphail-mortlach-1949-51-year-old,Gordon &amp; MacPhail Mortlach 1949 51 Year Old,"3,999.00"
https://www.whiskyshop.com/benriach-the-smoky-ten,Benriach The Smoky Ten,40.00
https://www.whiskyshop.com/benriach-the-original-ten,Benriach The Original Ten,30.00
https://www.whiskyshop.com/benriach-the-smoky-twelve,Benriach The Smoky Twelve,46.00
https://www.whiskyshop.com/benriach-the-twelve,Benriach The Twelve,42.00
https://www.whiskyshop.com/cardhu-11-year-old-special-releases-2020,Cardhu 11 Year Old Special Releases 2020,88.00
https://www.whiskyshop.com/macallan-15-year-old-double-cask,Macallan 15 Year Old Double Cask,from 125.00
https://www.whiskyshop.com/glenlivet-spectra,The Glenlivet Spectra,110.00
https://www.whiskyshop.com/balvenie-the-edge-of-burnhead-wood-19-year-old,Balvenie The Edge of Burnhead Wood 19 Year Old,265.00
https://www.whiskyshop.com/glen-moray-rhum-agricole,Glen Moray Rhum Agricole,61.00
https://www.whiskyshop.com/glenrothes-whisky-maker-s-cut,Glenrothes Whisky Maker's Cut,56.00
https://www.whiskyshop.com/benromach-15-year-old,Benromach 15 Year Old,66.00
https://www.whiskyshop.com/glenallachie-15-year-old,GlenAllachie 15 Year Old,67.00
https://www.whiskyshop.com/the-loch-fyne-gift-builder,The Loch Fyne Gift Box Pick 'n' Mix,from 38.00
https://www.whiskyshop.com/glenfiddich-grand-cru-23-year-old,Glenfiddich Grand Cru 23 Year Old,from 240.00
https://www.whiskyshop.com/glenallachie-12-year-old,GlenAllachie 12 Year Old,48.00
https://www.whiskyshop.com/speyburn-bradan-orach,Speyburn Bradan Orach,36.00
https://www.whiskyshop.com/benromach-cask-strength-2009,Benromach Cask Strength 2009,57.00
https://www.whiskyshop.com/macallan-genesis,Macallan Genesis,
https://www.whiskyshop.com/balvenie-the-week-of-peat-14-year-old,Balvenie The Week of Peat 14 Year Old,71.00
https://www.whiskyshop.com/balvenie-the-sweet-toast-of-american-oak-12-year-old,Balvenie The Sweet Toast of American Oak 12 Year Old,47.00
https://www.whiskyshop.com/balvenie-1971-dcs-chapter-4,Balvenie 1971 DCS Chapter 4,"20,995.00"
https://www.whiskyshop.com/benriach-12-year-old-sherry-wood,BenRiach 12 Year Old Sherry Wood ,49.00
https://www.whiskyshop.com/glen-moray-mastery,Glen Moray Mastery,930.00
https://www.whiskyshop.com/glenfiddich-30-year-old,Glenfiddich 30 Year Old ,600.00
https://www.whiskyshop.com/glenfarclas-1984,Glenfarclas 1984 ,"5,500.00"
https://www.whiskyshop.com/glenfarclas-1975,Glenfarclas 1975 ,"5,900.00"
https://www.whiskyshop.com/glenfarclas-1974,Glenfarclas 1974,"3,500.00"
https://www.whiskyshop.com/glenfarclas-1973,Glenfarclas 1973,"3,500.00"
https://www.whiskyshop.com/glenfarclas-1967,Glenfarclas 1967,"3,999.00"
https://www.whiskyshop.com/glenfarclas-1965,Glenfarclas 1965,"3,999.00"
https://www.whiskyshop.com/glenfarclas-1961,Glenfarclas 1961,"4,400.00"
https://www.whiskyshop.com/glenfarclas-1957,Glenfarclas 1957,"10,850.00"
https://www.whiskyshop.com/glenfiddich-15-year-old-solera-20cl,Glenfiddich 15 Year Old Solera 20cl,28.00
https://www.whiskyshop.com/cragganmore-distillers-edition,Cragganmore Distillers Edition ,62.00
https://www.whiskyshop.com/strathmill-12-year-old,Strathmill 12 year old ,46.00
https://www.whiskyshop.com/singleton-of-dufftown-15-year-old,Singleton of Dufftown 15 Year Old,50.00
https://www.whiskyshop.com/singleton-of-dufftown-18-year-old,Singleton of Dufftown 18 Year Old,63.00
https://www.whiskyshop.com/knockando-12-year-old,Knockando 12 year old ,38.00
https://www.whiskyshop.com/glenlossie-10-year-old,Glenlossie 10 year old,50.00
https://www.whiskyshop.com/the-glenlivet-12-year-old,The Glenlivet 12 Year Old,37.00
https://www.whiskyshop.com/cragganmore-12-year-old-20cl,Cragganmore 12 Year Old 20cl,16.00
https://www.whiskyshop.com/balvenie-miniature-pack-3x5cl,Balvenie Miniature Pack 3x5cl,24.00
https://www.whiskyshop.com/mannochmore-12-year-old,Mannochmore 12 Year Old,81.00
https://www.whiskyshop.com/glen-spey-12-year-old,Glen Spey 12 Year Old ,48.00
https://www.whiskyshop.com/aberlour-casg-annamh,Aberlour Casg Annamh,55.00
https://www.whiskyshop.com/benrinnes-15-year-old,Benrinnes 15 Year Old,52.00
https://www.whiskyshop.com/glenrothes-18-year-old,Glenrothes 18 Year Old,105.00
https://www.whiskyshop.com/glenrothes-12-year-old,Glenrothes 12 Year Old,42.00
https://www.whiskyshop.com/mortlach-12-year-old-the-wee-witchie,Mortlach 12 Year Old The Wee Witchie,45.00
https://www.whiskyshop.com/mortlach-20-year-old-cowie-s-blue-seal,Mortlach 20 Year Old Cowie's Blue Seal,199.00
https://www.whiskyshop.com/glenfiddich-fire-cane,Glenfiddich Fire &amp; Cane,44.00
https://www.whiskyshop.com/glendronach-revival-15-year-old,GlenDronach 15 Year Old Revival,67.00
https://www.whiskyshop.com/macallan-m-black,Macallan M Black,"8,000.00"
https://www.whiskyshop.com/the-glenlivet-captain-s-reserve,The Glenlivet Captain's Reserve,47.00
https://www.whiskyshop.com/macallan-12-year-old-triple-cask,Macallan 12 Year Old Triple Cask,from 59.00
https://www.whiskyshop.com/macallan-12-year-old-double-cask,Macallan 12 Year Old Double Cask,75.00
https://www.whiskyshop.com/glenfiddich-21-year-old-20cl,Glenfiddich 21 Year Old 20cl,50.00
https://www.whiskyshop.com/benriach-heart-of-speyside,BenRiach Heart of Speyside,43.00
https://www.whiskyshop.com/aberlour-12-year-old,Aberlour 12 Year Old,41.00
https://www.whiskyshop.com/balvenie-30-year-old,Balvenie 30 Year Old ,"1,499.00"
https://www.whiskyshop.com/benromach-10-year-old,Benromach 10 Year Old,37.00
https://www.whiskyshop.com/benromach-organic,Benromach Organic,46.00
https://www.whiskyshop.com/cragganmore-12-year-old,Cragganmore 12 Year Old,38.00
https://www.whiskyshop.com/glen-moray-18-year-old,Glen Moray 18 Year Old,74.00
https://www.whiskyshop.com/speyburn-15-year-old,Speyburn 15 Year Old,59.00
https://www.whiskyshop.com/glen-moray-15-year-old,Glen Moray 15 Year Old,49.00
https://www.whiskyshop.com/speyburn-10-year-old,Speyburn 10 Year Old,38.00
https://www.whiskyshop.com/dailuaine-16-year-old,Dailuaine 16 Year Old,59.00
https://www.whiskyshop.com/cardhu-18-year-old,Cardhu 18 Year Old,80.00
https://www.whiskyshop.com/balvenie-14-year-old-caribbean-cask,Balvenie 14 Year Old Caribbean Cask,60.00
https://www.whiskyshop.com/glen-moray-12-year-old,Glen Moray 12 Year Old,37.00
https://www.whiskyshop.com/the-glenlivet-15-year-old,The Glenlivet 15 Year Old,55.00
https://www.whiskyshop.com/cardhu-15-year-old,Cardhu 15 Year Old,50.00
https://www.whiskyshop.com/balvenie-12-year-old-single-barrel-first-fill,Balvenie 12 Year Old Single Barrel First Fill,60.00
https://www.whiskyshop.com/singleton-of-dufftown-12-year-old,Singleton of Dufftown 12 Year Old,37.00
https://www.whiskyshop.com/glendronach-12-year-old,GlenDronach 12 Year Old,45.00
https://www.whiskyshop.com/craigellachie-13-year-old,Craigellachie 13 Year Old,52.00
https://www.whiskyshop.com/cardhu-12-year-old,Cardhu 12 Year Old,39.00
https://www.whiskyshop.com/balvenie-12-year-old-doublewood,Balvenie 12 Year Old DoubleWood,46.00
https://www.whiskyshop.com/auchroisk-10-year-old,Auchroisk 10 Year Old,50.00
https://www.whiskyshop.com/glen-grant-1952-platinum-jubilee-70-year-old-381,Glen Grant 1952 Platinum Jubilee 70 Year Old #381,"20,000.00"
https://www.whiskyshop.com/balvenie-50-year-old-cask-0614,Balvenie 50 Year Old Marriage #0614,"34,250.00"
https://www.whiskyshop.com/singleton-54-year-old,The Singleton 54 Year Old Paragon of Time II,"28,850.00"
https://www.whiskyshop.com/tamdhu-2006-2165,Tamdhu 2006 15 Year Old #2165,
https://www.whiskyshop.com/benriach-30-year-old,BenRiach 30 Year Old ,650.00
https://www.whiskyshop.com/glenlivet-80-year-old-generations,The Glenlivet 80 Year Old Generations Gordon &amp; MacPhail,"100,000.00"
https://www.whiskyshop.com/glen-moray-2008-warhouse-1-manzanilla-finish,Glen Moray 2008 Warehouse 1 Manzanilla Finish,74.95
https://www.whiskyshop.com/macallan-a-night-on-earth-in-scotland,Macallan A Night on Earth in Scotland,
https://www.whiskyshop.com/the-macallan-harmony-collection-rich-cacao,The Macallan Harmony Collection Rich Cacao,
https://www.whiskyshop.com/glenglassaugh-10-year-old-cask-2140,Glenglassaugh 10 Year Old Cask #2140 ,91.00
https://www.whiskyshop.com/darkness-craigellachie-11-year-old-moscatel-cask-finish,Darkness Craigellachie 11 Year Old Moscatel Cask Finish ,95.00
https://www.whiskyshop.com/benriach-12-year-old-4830,BenRiach 12 Year Old #4830 ,102.00
https://www.whiskyshop.com/balvenie-tun-1509-batch-8,Balvenie Tun 1509 Batch 8 ,330.00
https://www.whiskyshop.com/first-editions-mortlach-2010-11-year-old,First Editions Mortlach 2010,81.00
https://www.whiskyshop.com/first-edition-glen-moray-2007-14-year-old,First Editions Glen Moray 2007 14 Year Old,95.00
https://www.whiskyshop.com/darkness-glenrothes-12-year-old-oloroso-cask-finish-61-3-50cl,Darkness Glenrothes 12 Year Old Oloroso Cask Finish ,65.00
https://www.whiskyshop.com/benromach-40-year-old,Benromach 40 Year Old (2021 Release),"1,750.00"
https://www.whiskyshop.com/glenlassaugh-50-year-old,Glenglassaugh 50 Year Old,"5,500.00"
https://www.whiskyshop.com/allt-a-bhaine-1996-rare-find-tws-exclusive,Rare Find Allt a Bhaine 24 Year Old,156.00
https://www.whiskyshop.com/rare-find-speyside-1982-39-year-old,Rare Find Speyside 1982 39 Year Old,385.00
https://www.whiskyshop.com/first-editions-glenburgie-2007-13-year-old,First Editions Glenburgie 2007,90.00
https://www.whiskyshop.com/first-editions-tamnavulin-2010-10-year-old,First Editions Tamnavulin 2010,72.00
https://www.whiskyshop.com/benriach-21-year-old-the-twenty-one,Benriach 21 Year Old The Twenty One,138.00
https://www.whiskyshop.com/first-editions-auchroisk-2011-9-year-old,First Editions Auchroisk 2011,70.00
https://www.whiskyshop.com/tamdhu-15-year-old,Tamdhu 15 Year Old,98.00
https://www.whiskyshop.com/tamdhu-12-year-old,Tamdhu 12 Year Old,46.00
https://www.whiskyshop.com/old-malt-cask-mortlach-13-year-old,Old Malt Cask Mortlach 13 Year Old,100.00
https://www.whiskyshop.com/first-editions-dailuaine-2008-11-year-old,First Editions Dailuaine 2008,85.00
https://www.whiskyshop.com/first-editions-aultmore-2010-10-year-old,First Editions Aultmore 2010,72.00
https://www.whiskyshop.com/the-loch-fyne-craigellachie-12-year-old,The Loch Fyne Craigellachie 12 Year Old ,83.00
https://www.whiskyshop.com/mortlach-21-year-old-special-releases-2020,Mortlach 21 Year Old Special Releases 2020,595.00
https://www.whiskyshop.com/singleton-17-year-old-special-releases-2020,Singleton 17 Year Old Special Releases 2020,115.00
https://www.whiskyshop.com/glen-moray-madeira-cask-project,Glen Moray Madeira Cask Project,
https://www.whiskyshop.com/glenallachie-2008-508,Glenallachie 2008 #508,
https://www.whiskyshop.com/glenkeir-treasures-twin-casks-secret-speyside-9-year-old,Glenkeir Treasures Twin Casks Secret Speyside 9 Year Old,68.00
https://www.whiskyshop.com/old-malt-cask-longmorn-21-year-old,Old Malt Cask Longmorn 21 Year Old,156.00
https://www.whiskyshop.com/glenrothes-1988,Glenrothes 1988,365.00
https://www.whiskyshop.com/first-editions-mortlach-2007-11-year-old,First Editions Mortlach 2007 11 Year Old,88.00
https://www.whiskyshop.com/first-editions-craigellachie-2011-8-year-old,First Editions Craigellachie 2011,72.00
https://www.whiskyshop.com/macallan-exceptional-single-cask-1950,Macallan Exceptional Single Cask 1950,
https://www.whiskyshop.com/the-loch-fyne-aultmore-12-year-old,The Loch Fyne Aultmore 12 Year Old,from 83.00
https://www.whiskyshop.com/compass-box-myths-legends-ii,Compass Box Myths &amp; Legends II,135.00
https://www.whiskyshop.com/first-editions-mortlach-2009,First Editions Mortlach 2009,71.00
https://www.whiskyshop.com/glenkeir-treasures-speyburn-10-year-old-20cl,Glenkeir Treasures Speyburn 10 Year Old 10cl,13.00
https://www.whiskyshop.com/glenkeir-treasures-secret-speyside-8-year-old-1,Glenkeir Treasures Secret Speyside 8 Year Old 10cl,13.00
https://www.whiskyshop.com/glenkeir-treasures-secret-speyside-8-year-old-20cl,Glenkeir Treasures Secret Speyside 8 Year Old 20cl,26.00
https://www.whiskyshop.com/glenkeir-treasures-secret-speyside-8-year-old,Glenkeir Treasures Secret Speyside 8 Year Old ,55.00
https://www.whiskyshop.com/first-editions-tamdhu-2007,First Editions Tamdhu 2007,76.00
https://www.whiskyshop.com/first-editions-craigellachie-2006,First Editions Craigellachie 2006,79.00
https://www.whiskyshop.com/first-editions-benrinnes-2010,First Editions Benrinnes 2010,68.00
https://www.whiskyshop.com/old-malt-cask-glenburgie-19-year-old,Old Malt Cask Glenburgie 19 Year Old,130.00
https://www.whiskyshop.com/old-malt-cask-mortlach-11-year-old,Old Malt Cask Mortlach 11 Year Old,98.00
https://www.whiskyshop.com/authors-series-speyside-s-finest-1967-50-year-old-nathaniel-hawthorne,Authors' Series Probably Speyside's Finest 1968 50 Year Old - Nathaniel Hawthorne ,"2,750.00"
https://www.whiskyshop.com/tormore-1988-30-year-old-authors-series-charles-baudelaire,Authors' Series Tormore 1988 30 Year Old - Charles Baudelaire,435.00
https://www.whiskyshop.com/old-malt-cask-tamdhu-8-year-old-20cl,Old Malt Cask Tamdhu 8 Year Old 20cl,31.00
https://www.whiskyshop.com/glenfarclas-1960,Glenfarclas 1960,"4,400.00"
https://www.whiskyshop.com/first-editions-speyburn-2006,First Editions Speyburn 2006,76.00
https://www.whiskyshop.com/glen-grant-30-year-old-platinum-old-rare,Glen Grant 30 Year Old Platinum Old &amp; Rare,470.00
https://www.whiskyshop.com/the-last-drop-glenrothes-1968-cask-13504,The Last Drop Glenrothes 1968 Cask 13504,"5,400.00"
https://www.whiskyshop.com/the-last-drop-glenrothes-1968-cask-13508,The Last Drop Glenrothes 1968 Cask 13508,"5,400.00"
https://www.whiskyshop.com/macallan-30-year-old-sherry-oak-2020,Macallan 30 Year Old Sherry Oak 2020,"6,500.00"
https://www.whiskyshop.com/convalmore-32-year-old-2017-special-release,Convalmore 32 Year Old 2017 Special Release,"1,350.00"
https://www.whiskyshop.com/aberlour-18-year-old,Aberlour 18 Year Old,
https://www.whiskyshop.com/old-malt-cask-mortlach-10-year-old,Old Malt Cask Mortlach 10 Year Old,98.00
https://www.whiskyshop.com/the-loch-fyne-glentauchers-10-year-old,The Loch Fyne Glentauchers 10 Year Old,67.00
https://www.whiskyshop.com/glenrothes-1976,Glenrothes 1976,"1,000.00"
https://www.whiskyshop.com/the-loch-fyne-craigellachie-10-year-old-2007,The Loch Fyne Craigellachie 10 Year Old 2007,72.00
https://www.whiskyshop.com/macallan-25-year-old-sherry-oak-2020,Macallan 25 Year Old Sherry Oak ,"2,950.00"
https://www.whiskyshop.com/glendronach-parliament-21-year-old,Glendronach Parliament 21 Year Old,199.00
https://www.whiskyshop.com/first-editions-benrinnes-2005,First Editions Benrinnes 2005 12 Year Old,80.00
https://www.whiskyshop.com/probably-speyside-s-finest-50-year-old-platinum-old-rare,Probably Speyside's Finest 50 Year Old Platinum Old &amp; Rare,"2,000.00"
https://www.whiskyshop.com/tormore-1988-authors-series-frederick-douglass,Authors' Series Tormore 1988 Frederick Douglass,410.00
https://www.whiskyshop.com/glen-elgin-18-year-old-2017-special-release,Glen Elgin 18 Year Old 2017 Special Release,310.00
https://www.whiskyshop.com/old-malt-cask-mortlach-8-year-old-20cl,Old Malt Cask Mortlach 8 Year Old 20cl,32.00
https://www.whiskyshop.com/macallan-12-year-old-sherry-oak,Macallan 12 Year Old Sherry Oak,from 85.00
https://www.whiskyshop.com/miltonduff-1990-31-year-old-connoisseurs-choice-19440,Miltonduff 1990 31 Year Old Connoisseurs Choice #19440,
https://www.whiskyshop.com/tamdhu-batch-strength-batch-6,Tamdhu Batch Strength (Batch 6),
https://www.whiskyshop.com/macallan-private-eye-1153,Macallan Private Eye,
https://www.whiskyshop.com/glendronach-cask-strength-batch-10,GlenDronach Cask Strength Batch 10,77.00
https://www.whiskyshop.com/mortlach-1988-33-year-old-connoisseurs-choice,Mortlach 1988 33 Year Old Connoisseurs Choice,
https://www.whiskyshop.com/mossburn-linkwood-2007-14-year-old,Mossburn Linkwood 2007 14 Year Old,
https://www.whiskyshop.com/berry-bros-rudd-glentauchers-1996-3977,Berry Bros. &amp; Rudd Glentauchers 1996 #3977,
https://www.whiskyshop.com/first-editions-craigellachie-2009-12-year-old,First Editions Craigellachie 2009 12 Year Old,87.00
https://www.whiskyshop.com/benromach-1969,Benromach 1969,
https://www.whiskyshop.com/macallan-fine-oak-21-year-old,Macallan Fine Oak 21 Year Old,
https://www.whiskyshop.com/macallan-10-year-old-100-proof-1990s,Macallan 10 Year Old 100 Proof 1990s,
https://www.whiskyshop.com/macallan-2003-14-year-old-single-cask-9100-13-exceptional-cask-13,Macallan 2003 14 Year Old Single Cask #9100/13 Exceptional Cask #13,
https://www.whiskyshop.com/cragganmore-distillers-edition-2021,Cragganmore Distillers Edition 2021,
https://www.whiskyshop.com/glendronach-12-year-old-1980s,Glendronach 12 Year Old 1980s,
https://www.whiskyshop.com/glenallachie-10yo-cask-strength-batch-6,GlenAllachie 10 Year Old Cask Strength Batch 6,99.00
https://www.whiskyshop.com/glenfarclas-1991-24-year-old-distillery-exclusive,Glenfarclas 1991 24 Year Old Distillery Exclusive,
https://www.whiskyshop.com/tamdhu-distinction,Tamdhu Distinction,
https://www.whiskyshop.com/tamdhu-14-year-old-old-malt-cask,Old Malt Cask Tamdhu 14 Year Old,105.00
https://www.whiskyshop.com/tamdhu-cigar-malt,Tamdhu Cigar Malt,
https://www.whiskyshop.com/macallan-1991-25-year-old-fine-rare-7021,Macallan 1991 25 Year Old Fine &amp; Rare #7021,
https://www.whiskyshop.com/macallan-1976-fine-and-rare-11354,Macallan 1976 29 Year Old Fine and Rare #11354,
https://www.whiskyshop.com/strathisla-1985-private-collection,Strathisla 1985 35 Year Old Private Collection,
https://www.whiskyshop.com/mortlach-1978-cask-992-private-collection,Mortlach 1978 Cask 992 Private Collection,
https://www.whiskyshop.com/glen-grant-1976-private-collection,Glen Grant 1976 Private Collection,
https://www.whiskyshop.com/glenrothes-25-year-old,Glenrothes 25 Year Old ,375.00
https://www.whiskyshop.com/darkness-craigellachie-11-year-old-oloroso-cask-finish,Darkness Craigellachie 11 Year Old Oloroso Cask Finish ,
https://www.whiskyshop.com/monkey-shoulder-fever-tree-gift-pack,Monkey Shoulder Fever Tree Gift Pack,
https://www.whiskyshop.com/glen-elgin-12-year-old-batch-5-that-boutique-y-whisky-company,Glen Elgin 12 Year Old Batch 5 That Boutique-y Whisky Company ,
https://www.whiskyshop.com/benrinnes-10-year-old-that-boutique-y-whisky-company,Benrinnes 10 Year Old Batch 16 That Boutique-y Whisky Company,
https://www.whiskyshop.com/the-octave-aultmore-2008-12-year-old,The Octave Aultmore 2008 12 Year Old,
https://www.whiskyshop.com/balvenie-the-second-red-rose-21-year-old,Balvenie The Second Red Rose 21 Year Old,
https://www.whiskyshop.com/tormore-1994-26-year-old-connoisseurs-choice-batch-21-097,Tormore 1994 26 Year Old Connoisseurs Choice Batch 21/097,
https://www.whiskyshop.com/speyburn-2008-12-year-old-connoisseurs-choice-batch-21-093,Speyburn 2008 12 Year Old Connoisseurs Choice Batch 21/093,
https://www.whiskyshop.com/glentauchers-1995-25-year-old-connoisseurs-choice,Glentauchers 1995 25 Year Old Connoisseurs Choice Batch 21/096,
https://www.whiskyshop.com/darkness-benrinnes-14yo-px-cask-finish,Darkness Benrinnes 14 Year Old Pedro Ximinez Cask Finish,
https://www.whiskyshop.com/glenfarclas-105-185th-anniversary,Glenfarclas 185th Anniversary ,
https://www.whiskyshop.com/gordon-macphail-smith-s-glenlivet-1966-47-year-old,Gordon &amp; MacPhail Smith's Glenlivet 1966 47 Year Old,
https://www.whiskyshop.com/glen-grant-1950-68-year-old,Glen Grant 1950 68 Year Old ,
https://www.whiskyshop.com/linkwood-1980-40-year-old-private-collection,Linkwood 1980 40 Year Old Private Collection ,
https://www.whiskyshop.com/dimensions-linkwood-2009-12-year-old,Dimensions Linkwood 2009 12 Year Old,
https://www.whiskyshop.com/dimensions-benriach-2008-12-year-old,Dimensions Benriach 2008 12 Year Old,
https://www.whiskyshop.com/benromach-2012-peat-smoke-sherry-cask-matured,Benromach 2012 Peat Smoke Sherry Cask Matured,
https://www.whiskyshop.com/tomintoul-1967-rare-old-gordon-macphail,Gordon &amp; MacPhail Tomintoul 1967 Rare Old,
https://www.whiskyshop.com/gordon-macphail-linkwood-25-year-old-distillery-label,Gordon &amp; MacPhail Linkwood 25 Year Old Distillery Label,
https://www.whiskyshop.com/benromach-1977-1266,Benromach 1977 #1266,
https://www.whiskyshop.com/the-octave-iconic-speyside-2010-10-year-old,The Octave An Iconic Speyside 2010 10 Year Old,
https://www.whiskyshop.com/balvenie-rare-marriages-25-year-old,Balvenie 25 Year Old Rare Marriages,
https://www.whiskyshop.com/macallan-rare-cask-2021-release,Macallan Rare Cask 2021 Release,
https://www.whiskyshop.com/gordon-macphail-glen-grant-1966-45-year-old,Gordon &amp; Macphail Glen Grant 1966 45 Year Old,
https://www.whiskyshop.com/gordon-macphail-glen-grant-1962-43-year-old-sherry-cask,Gordon &amp; Macphail Glen Grant 1962 43 Year Old Sherry Cask,
https://www.whiskyshop.com/linkwood-1966-private-collection,Linkwood 1966 Private Collection,
https://www.whiskyshop.com/glen-moray-warehouse-1-tokaji-finish,Glen Moray Warehouse 1 Tokaji Finish,
https://www.whiskyshop.com/darkness-glen-elgin-12-year-old-moscatel-cask,Darkness Glen Elgin 12 Year Old Moscatel Cask,
https://www.whiskyshop.com/darkness-balmenach-18-year-old-moscatel-cask,Darkness Balmenach 18 Year Old Moscatel Cask,
https://www.whiskyshop.com/darkness-auchroisk-21-year-old-moscatel-cask,Darkness Auchroisk 21 Year Old Moscatel Cask ,
https://www.whiskyshop.com/linkwood-12-year-old-flora-and-fauna,Linkwood 12 year old Flora and Fauna,
https://www.whiskyshop.com/darkness-craigellachie-12-year-old,Darkness Craigellachie 12 Year Old,
https://www.whiskyshop.com/balmenach-1987-32-year-old-connoisseurs-choice,Balmenach 1987 32 Year Old Connoisseurs Choice,
https://www.whiskyshop.com/glenkeir-treasures-secret-speyside-15-year-old,Glenkeir Treasures Secret Speyside 15 Year Old,
https://www.whiskyshop.com/macallan-12-year-old-double-cask-lunar-new-year-2021,Macallan 12 Year Old Double Cask - Lunar New Year 2021,
https://www.whiskyshop.com/balvenie-21-year-old-single-barrel,Balvenie 21 Year Old Single Barrel,
https://www.whiskyshop.com/glenfiddich-21-year-old-chinese-new-year-edition,Glenfiddich 21 Year Old Chinese New Year Edition 2021,
https://www.whiskyshop.com/old-fashioned-cocktail-bundle,Old Fashioned Cocktail Bundle,
https://www.whiskyshop.com/glenlivet-1990-connoisseurs-choice,The Glenlivet 1990 30 Year Old Connoisseurs Choice,
https://www.whiskyshop.com/benriach-2005-uk-exclusive-pedro-ximenez-cask-5278,Benriach 2005 UK Exclusive Pedro Ximenez Cask #5278,105.00
https://www.whiskyshop.com/glen-moray-2006-sauternes-cask-batch-1,Glen Moray 2006 Sauternes Cask,
https://www.whiskyshop.com/glenallachie-2006-6620,GlenAllachie 2006 #6620,
https://www.whiskyshop.com/glenallachie-21-year-old-batch-1,GlenAllachie 21 Year Old Batch 1,
https://www.whiskyshop.com/glendronach-2006-13-year-old-5538-uk-exclusive,Glendronach 2006 13 Year Old #5538 UK Exclusive,
https://www.whiskyshop.com/glendronach-27-year-old-182-oloroso-uk-exclusive-single-cask,Glendronach 27 Year Old #182 Oloroso UK Exclusive Single Cask,
https://www.whiskyshop.com/macallan-distil-your-world-london,Macallan Distil Your World: London,
https://www.whiskyshop.com/glenallachie-10-year-old-cask-strength-batch-4,GlenAllachie 10 Year Old Cask Strength Batch 4,
https://www.whiskyshop.com/darkness-caperdonich-23-year-old-10188,Darkness Caperdonich 23 Year Old 10188,
https://www.whiskyshop.com/darkness-aultmore-22-year-old-10358,Darkness Aultmore 22 Year Old 10358,
https://www.whiskyshop.com/macallan-78-year-old-red-collection,Macallan 78 Year Old Red Collection,
https://www.whiskyshop.com/macallan-74-year-old-red-collection,Macallan 74 Year Old Red Collection,
https://www.whiskyshop.com/macallan-60-year-old-red-collection,Macallan 60 Year Old Red Collection,
https://www.whiskyshop.com/macallan-40-year-old-red-collection,Macallan 40 Year Old Red Collection,
https://www.whiskyshop.com/glenallachie-9-year-old-rye-cask-finish,GlenAllachie 9 Year Old Rye Cask Finish,
https://www.whiskyshop.com/macallan-edition-no-6,Macallan Edition No.6,
https://www.whiskyshop.com/golden-cask-speyside-23-year-old,Golden Cask Speyside 23 Year Old,
https://www.whiskyshop.com/golden-cask-braes-of-glenlivet-21-year-old,Golden Cask Braes of Glenlivet 21 Year Old,
https://www.whiskyshop.com/glendronach-kingsman-edition-1989-vintage,GlenDronach Kingsman Edition 1989 Vintage,
https://www.whiskyshop.com/pittyvaich-30-year-old-special-releases-2020,Pittyvaich 30 Year Old Special Releases 2020,
https://www.whiskyshop.com/cragganmore-20-year-old-special-releases-2020,Cragganmore 20 Year Old Special Releases 2020,
https://www.whiskyshop.com/macallan-18-year-old-double-cask,Macallan 18 Year Old Double Cask,
https://www.whiskyshop.com/macallan-1954-47-year-old-fine-rare,Macallan 1954 47 Year Old Fine &amp; Rare #1902,
https://www.whiskyshop.com/glenallachie-spirit-of-speyside-2020,GlenAllachie 13 Year Old Spirit of Speyside Festival 2020,
https://www.whiskyshop.com/macallan-rare-cask-2020-release,Macallan Rare Cask 2020 Release,
https://www.whiskyshop.com/macallan-exceptional-single-cask-2019-esb-5542-02,Macallan Exceptional Single Cask 2019/ESB-5542/02,
https://www.whiskyshop.com/macallan-72-year-old-in-lalique,Macallan 72 Year Old in Lalique,
https://www.whiskyshop.com/macallan-exceptional-single-cask-2019-esb-14-03,Macallan Exceptional Single Cask 2019/ESB-14/03,
https://www.whiskyshop.com/glendronach-1992-27-year-old-5852,Glendronach 1992 27 Year Old #5852,
https://www.whiskyshop.com/glenrothes-1992-2nd-edition,Glenrothes 1992 2nd Edition,
https://www.whiskyshop.com/aberlour-1989-dunnage-matured-millennium,Aberlour 1989 Dunnage Matured Millennium,
https://www.whiskyshop.com/macallan-12-year-old-triple-cask-chinese-new-year-twin-pack,Macallan 12 Year Old Triple Cask Chinese New Year Twin Pack,
https://www.whiskyshop.com/tormore-31-year-old-platinum-old-rare,Tormore 31 Year Old Platinum Old &amp; Rare,
https://www.whiskyshop.com/linkwood-30-year-old-platinum-old-rare,Linkwood 30 Year Old Platinum Old &amp; Rare,
https://www.whiskyshop.com/glen-elgin-44-year-old-platinum-old-rare,Glen Elgin 44 Year Old Platinum Old &amp; Rare,
https://www.whiskyshop.com/glenburgie-44-year-old-platinum-old-rare,Glenburgie 44 Year Old Platinum Old &amp; Rare,
https://www.whiskyshop.com/braes-of-glenlivet-30-year-old-platinum-old-rare,Braes of Glenlivet 30 Year Old Platinum Old &amp; Rare,
https://www.whiskyshop.com/macallan-12-year-old-triple-cask-gift-box,Macallan 12 Year Old Triple Cask Gift Box,
https://www.whiskyshop.com/singleton-of-dufftown-12-year-old-gift-set,Singleton of Dufftown 12 Year Old Gift Set,
https://www.whiskyshop.com/old-malt-cask-craigellachie-11-year-old,Old Malt Cask Craigellachie 11 Year Old,
https://www.whiskyshop.com/glenrothes-elders-reserve-10cl,Glenrothes Elders' Reserve 10cl,
https://www.whiskyshop.com/glenrothes-2004,Glenrothes 2004,
https://www.whiskyshop.com/glenrothes-1995,Glenrothes 1995,
https://www.whiskyshop.com/benriach-10-year-old-gift-set,BenRiach 10 Year Old Gift Set,
https://www.whiskyshop.com/glenrothes-40-year-old,Glenrothes 40 Year Old,
https://www.whiskyshop.com/mortlach-15-year-old-game-of-thrones-six-kingdoms,Mortlach 15 Year Old - Game of Thrones Six Kingdoms,
https://www.whiskyshop.com/macallan-rare-cask-batch-no-2-2019-release,Macallan Rare Cask Batch No.2 2019 Release,
https://www.whiskyshop.com/pittyvaich-29-year-old-special-releases-2019,Pittyvaich 29 Year Old Special Releases 2019,
https://www.whiskyshop.com/mortlach-26-year-old-special-releases-2019,Mortlach 26 Year Old Special Releases 2019,
https://www.whiskyshop.com/singleton-of-glen-ord-18-year-old-special-releases-2019,Singleton of Glen Ord 18 Year Old Special Releases 2019,
https://www.whiskyshop.com/macallan-50-year-old,Macallan 50 Year Old,
https://www.whiskyshop.com/glendronach-1993-26-year-old-7434,Glendronach 1993 26 Year Old #7434,
https://www.whiskyshop.com/tamnavulin-33-year-old-the-stillman-s-dram,Tamnavulin 33 Year Old The Stillman's Dram,
https://www.whiskyshop.com/glen-moray-21-year-old,Glen Moray 21 Year Old,120.00
https://www.whiskyshop.com/macallan-edition-no-5,Macallan Edition No.5,
https://www.whiskyshop.com/glendronach-cask-strength-batch-8,GlenDronach Cask Strength Batch 8,
https://www.whiskyshop.com/the-loch-fyne-glentauchers-11-year-old,The Loch Fyne Glentauchers 11 Year Old,
https://www.whiskyshop.com/glenallachie-25-year-old,GlenAllachie 25 Year Old,
https://www.whiskyshop.com/glenallachie-10-year-old-cask-strength-batch-2,GlenAllachie 10 Year Old Cask Strength Batch 2,
https://www.whiskyshop.com/distillers-art-braeval-13-year-old,Distiller's Art Braeval 13 Year Old,
https://www.whiskyshop.com/glendronach-cask-strength-batch-6,GlenDronach Cask Strength Batch 6,
https://www.whiskyshop.com/first-editions-inchgower-2008-20cl,First Editions Inchgower 2008 20cl,
https://www.whiskyshop.com/first-editions-benrinnes-2010-20cl,First Editions Benrinnes 2010 8 Year Old 20cl,
https://www.whiskyshop.com/aultmore-21-year-old,Aultmore 21 Year Old,186.00
https://www.whiskyshop.com/glenkeir-treasures-speyburn-10-year-old-20cl-2933,Glenkeir Treasures Speyburn 10 Year Old 20cl,
https://www.whiskyshop.com/glenkeir-treasures-speyburn-10-year-old,Glenkeir Treasures Speyburn 10 Year Old,
https://www.whiskyshop.com/benriach-batch-16-1985-7214,BenRiach Batch 16 1985 #7214,
https://www.whiskyshop.com/macallan-30-year-old-sherry-oak-old-style,Macallan 30 Year Old Sherry Oak (Old style),
https://www.whiskyshop.com/macallan-10-year-old-sherry-oak-1,Macallan 10 Year Old Sherry Oak,
https://www.whiskyshop.com/macallan-private-eye,Macallan Private Eye,
https://www.whiskyshop.com/first-editions-craigellachie-2008,First Editions Craigellachie 2008 10 Year Old,
https://www.whiskyshop.com/first-editions-inchgower-2008-10-year-old,First Editions Inchgower 2008 10 Year Old,
https://www.whiskyshop.com/glendronach-port-wood-10-year-old,GlenDronach Port Wood 10 Year Old,
https://www.whiskyshop.com/balvenie-a-day-of-dark-barley-26-year-old,Balvenie A Day of Dark Barley 26 Year Old,
https://www.whiskyshop.com/glendronach-12-year-old-walker-slater,GlenDronach 12 Year Old Walker Slater Pack,
https://www.whiskyshop.com/macallan-estate,Macallan Estate,
https://www.whiskyshop.com/the-last-drop-glenrothes-1969-16207,The Last Drop Glenrothes 1969 #16207,
https://www.whiskyshop.com/singleton-of-glendullan-reserve-game-of-thrones-house-tully,Singleton of Glendullan Reserve - Game of Thrones House Tully,
https://www.whiskyshop.com/cardhu-gold-reserve-game-of-thrones-house-targaryen,Cardhu Gold Reserve - Game of Thrones House Targaryen,
https://www.whiskyshop.com/glendronach-1992-26-year-old-the-whisky-shop-exclusive,GlenDronach 1992 26 Year Old The Whisky Shop Exclusive,
https://www.whiskyshop.com/macallan-archival-series-folio-3,Macallan Archival Series Folio 3,
https://www.whiskyshop.com/benriach-2005-whisky-shop-exclusive,BenRiach 2005 Whisky Shop Exclusive ,
https://www.whiskyshop.com/glendronach-master-vintage-1993-25-year-old,GlenDronach Master Vintage 1993 25 Year Old,
https://www.whiskyshop.com/macallan-1952-50-year-old-cask-627-fine-rare,Macallan 1952 50 Year Old (Cask 627) Fine &amp; Rare,
https://www.whiskyshop.com/macallan-1937-32-year-old-fine-rare,Macallan 1937 32 Year Old Fine &amp; Rare,
https://www.whiskyshop.com/macallan-1938-31-year-old-fine-rare,Macallan 1938 31 Year Old Fine &amp; Rare,
https://www.whiskyshop.com/macallan-1946-56-year-old-cask-46-3m-fine-rare,Macallan 1946 56 Year Old (Cask 46/3M) Fine &amp; Rare,
https://www.whiskyshop.com/macallan-1947-15-year-old-fine-rare,Macallan 1947 15 Year Old Fine &amp; Rare,
https://www.whiskyshop.com/balvenie-1999-dcs-chapter-4,Balvenie 1999 DCS Chapter 4,
https://www.whiskyshop.com/first-editions-craigellachie-managers-special,First Editions Craigellachie 2008 Manager's Special,
https://www.whiskyshop.com/macallan-26-year-old-platinum-old-rare,Macallan 26 Year Old Platinum Old &amp; Rare,
https://www.whiskyshop.com/first-editions-balmenach-10yo,First Editions Balmenach 10yo ,
https://www.whiskyshop.com/glenkeir-treasures-aultmore-7-year-old,Glenkeir Treasures Aultmore 7 Year Old,
https://www.whiskyshop.com/mortlach-8-year-old-glenkeir-treasure,Mortlach 8 year old GlenKeir Treasure,
https://www.whiskyshop.com/the-glendronach-kingsman-edition-1991-vintage,The GlenDronach Kingsman Edition 1991 Vintage,
https://www.whiskyshop.com/glenkeir-treasures-craigellachie-9-year-old,Glenkeir Treasures Craigellachie 9 Year Old,
https://www.whiskyshop.com/macallan-1940-35-year-old-fine-rare,Macallan 1940 35 Year Old Fine &amp; Rare,
https://www.whiskyshop.com/balvenie-1972-dcs-chapter-2,Balvenie 1972 DCS Chapter 2,
https://www.whiskyshop.com/the-singleton-of-dufftown-spey-cascade,The Singleton of Dufftown Spey Cascade,
https://www.whiskyshop.com/benriach-17-year-old-pedro-ximenez-sherry-wood,BenRiach 17 Year Old Pedro Ximenez Sherry Wood,
https://www.whiskyshop.com/glendronach-14-year-old-virgin-oak,GlenDronach 14 Year Old Virgin Oak,
https://www.whiskyshop.com/the-glenlivet-cipher,The Glenlivet Cipher,
https://www.whiskyshop.com/benromach-35-year-old,Benromach 35 Year Old,
https://www.whiskyshop.com/inchgower-8-year-old-douglas-of-drumlanrig,Inchgower 8 Year Old Douglas of Drumlanrig,
https://www.whiskyshop.com/lochside-52-year-old-sovereign,Lochside 52 Year Old Sovereign ,
https://www.whiskyshop.com/glendronach-19-year-old-madeira-cask,Glendronach 19 year old Madeira Cask,
https://www.whiskyshop.com/glendronach-peated-cask,Glendronach Peated Cask ,
https://www.whiskyshop.com/balvenie-1968-dcm-bottling-46-year-old,Balvenie 1968 DCM bottling 46 year old,
https://www.whiskyshop.com/glenfarclas-2000-gift-box-set,Glenfarclas 2000 Gift Box Set ,
https://www.whiskyshop.com/dailuaine-1980-34-year-old-special-release-2015,Dailuaine 1980 34 year old Special Release 2015,
https://www.whiskyshop.com/the-cally-1974-caledonian-40-year-old-2015-special-release,The Cally 1974 'Caledonian' 40 Year Old 2015 Special Release,830.00
https://www.whiskyshop.com/the-macallan-m,The Macallan M,
https://www.whiskyshop.com/benriach-latada-18-year-old-peated-madeira-finish,BenRiach 'Latada' 18 Year Old Peated Madeira  Finish,
https://www.whiskyshop.com/glenrothes-select-reserve,Glenrothes Select Reserve,
https://www.whiskyshop.com/aultmore-7-year-old,Aultmore 7 year old ,
https://www.whiskyshop.com/glenrothes-vintage-reserve,Glenrothes Vintage Reserve ,
https://www.whiskyshop.com/macallan-ruby,Macallan Ruby,
https://www.whiskyshop.com/macallan-masters-of-photography-mario-testino-edition-purple-print,Macallan Masters of Photography: Mario Testino Edition: Purple Print,
https://www.whiskyshop.com/macallan-masters-of-photography-mario-testino-edition-green-print,Macallan Masters of Photography: Mario Testino Edition: Green Print ,
https://www.whiskyshop.com/the-glenlivet-founder-s-reserve,The Glenlivet Founder's Reserve,
https://www.whiskyshop.com/benriach-35-year-old,BenRiach 35 year old ,
https://www.whiskyshop.com/benriach-10th-anniversary-10-year-old,BenRiach 10th Anniversary 10 year old ,
https://www.whiskyshop.com/glenkeir-treasures-inchgower-6-year-old,Glenkeir Treasures Inchgower 6 year old 10cl,
https://www.whiskyshop.com/glenfarclas-1966-fino-cask,Glenfarclas 1966 Fino Cask,
https://www.whiskyshop.com/the-glenlivet-50-year-old-winchester-collection-1964,The Glenlivet 50 year old Winchester Collection 1964,
https://www.whiskyshop.com/benrinnes-21-year-old-2014-special-release,Benrinnes 21 year old 2014 Special Release,
https://www.whiskyshop.com/cragganmore-25-year-old-2014-special-release,Cragganmore 25 Year Old 2014 Special Release,
https://www.whiskyshop.com/glenfiddich-19-year-old-age-of-discovery-bourbon-cask-reserve,Glenfiddich 19 Year Old Age of Discovery Bourbon Cask Reserve ,
https://www.whiskyshop.com/glenfarclas-1966,Glenfarclas 1966,"3,999.00"
https://www.whiskyshop.com/glenfarclas-1990,Glenfarclas 1990,
https://www.whiskyshop.com/balvenie-tun-1509,Balvenie Tun 1509,
https://www.whiskyshop.com/glenfarclas-1996,Glenfarclas 1996 ,350.00
https://www.whiskyshop.com/glenfarclas-1985,Glenfarclas 1985 ,
https://www.whiskyshop.com/glenfarclas-1972,Glenfarclas 1972 ,"2,700.00"
https://www.whiskyshop.com/glenfarclas-1969,Glenfarclas 1969,"3,999.00"
https://www.whiskyshop.com/glenfarclas-1964,Glenfarclas 1964,"3,999.00"
https://www.whiskyshop.com/glenfarclas-1958,Glenfarclas 1958,
https://www.whiskyshop.com/glenfiddich-18-year-old-5cl,Glenfiddich 18 Year Old 5cl,9.00
https://www.whiskyshop.com/glenfiddich-15-year-old-solera-5cl,Glenfiddich 15 Year Old Solera 5cl,8.25
https://www.whiskyshop.com/singleton-of-dufftown-12-year-old-5cl,Singleton of Dufftown 12 Year Old 5cl,
https://www.whiskyshop.com/the-glenlivet-triple-pack-3-x-20cl,The Glenlivet Triple Pack 3 x 20cl,
https://www.whiskyshop.com/glenfarclas-10-year-old-35cl,Glenfarclas 10 year old 35cl,
https://www.whiskyshop.com/aberlour-10-year-old,Aberlour 10 Year Old ,
https://www.whiskyshop.com/the-glenlivet-guardians-chapter,The Glenlivet Guardians Chapter,
https://www.whiskyshop.com/cardhu-special-cask-reserve,Cardhu Special Cask Reserve ,
https://www.whiskyshop.com/aberlour-16-year-old,Aberlour 16 Year Old ,
https://www.whiskyshop.com/longmorn-16-year-old,Longmorn 16 year old ,
https://www.whiskyshop.com/the-glenlivet-nadurra-16-year-old,The Glenlivet Nadurra 16 Year Old ,
https://www.whiskyshop.com/glenfiddich-gift-pack-3-x-20cl-with-glass,Glenfiddich Gift Pack 3 x 20cl With Glass,
https://www.whiskyshop.com/glenfiddich-15-year-old-distillery-edition,Glenfiddich 15 Year Old Distillery Edition ,
https://www.whiskyshop.com/glenfiddich-12-year-old-5cl,Glenfiddich 12 Year Old 5cl,6.99
https://www.whiskyshop.com/glenfarclas-105-35cl,Glenfarclas 105 35cl,
https://www.whiskyshop.com/glen-spey-1996-managers-choice,Glen Spey 1996 Managers Choice,
https://www.whiskyshop.com/benriach-25-year-old-authenticus,BenRiach 25 year old Authenticus ,
https://www.whiskyshop.com/benriach-10-year-old-curiositas,BenRiach 10 Year Old Curiositas,
https://www.whiskyshop.com/the-glenlivet-21-year-old,The Glenlivet 21 Year Old ,
https://www.whiskyshop.com/glenlivet-15-year-old-5cl,The Glenlivet 15 Year Old 5cl,6.00
https://www.whiskyshop.com/glenfarclas-15-year-old-5cl,Glenfarclas 15 Year Old 5cl,
https://www.whiskyshop.com/glenfarclas-105-5cl,Glenfarclas 105 5cl,
https://www.whiskyshop.com/glenfarclas-10-year-old-5cl,Glenfarclas 10 Year Old 5cl,
https://www.whiskyshop.com/glendronach-18-year-old-5cl,GlenDronach 18 Year Old 5cl,16.00
https://www.whiskyshop.com/glendronach-15-year-old-5cl,GlenDronach 15 Year Old 5cl,
https://www.whiskyshop.com/glendronach-12-year-old-5cl,GlenDronach 12 Year Old 5cl,5.00
https://www.whiskyshop.com/benriach-20-year-old-20cl,BenRiach 20 Year Old 20cl,
https://www.whiskyshop.com/benriach-12-year-old-5cl,BenRiach 12 Year Old 5cl,
https://www.whiskyshop.com/benriach-10-year-old-curiositas-5cl,BenRiach 10 year old Curiositas 5cl,8.00
https://www.whiskyshop.com/balvenie-12-year-old-doublewood-5cl,Balvenie 12 Year Old DoubleWood 5cl,6.00
https://www.whiskyshop.com/macallan-rare-cask-batch-no-1-2019-release,Macallan Rare Cask Batch No.1 2019 Release,
https://www.whiskyshop.com/glendronach-grandeur-batch-10-27-year-old,GlenDronach Grandeur Batch 10 27 Year Old,
https://www.whiskyshop.com/macallan-rare-cask-batch-no-3,Macallan Rare Cask Batch No.3,
https://www.whiskyshop.com/the-glenlivet-nadurra-oloroso-cask-finish,The Glenlivet Nadurra Oloroso Cask Finish,63.00
https://www.whiskyshop.com/macallan-easter-elchies-black,Macallan Easter Elchies Black 2018,
https://www.whiskyshop.com/macallan-18-year-old-1982,Macallan 18 Year Old 1982,
https://www.whiskyshop.com/macallan-12-year-old-double-cask-gift-box,Macallan 12 Year Old Double Cask Gift Box,
https://www.whiskyshop.com/macallan-12-year-old-double-cask-gift-tin,Macallan 12 Year Old Double Cask Gift Tin,
https://www.whiskyshop.com/old-malt-cask-inchgower-20-year-old,Old Malt Cask Inchgower 20 Year Old,
https://www.whiskyshop.com/mortlach-16-year-old-distillers-dram,Mortlach 16 Year Old Distiller's Dram,
https://www.whiskyshop.com/benromach-1977,Benromach 1977,
https://www.whiskyshop.com/the-glenfarclas-whisky-advent-calendar-2018,The Glenfarclas Whisky Advent Calendar 2018,
https://www.whiskyshop.com/macallan-archival-series-folio-2,Macallan Archival Series Folio 2,
https://www.whiskyshop.com/macallan-10-year-old-sherry-oak,Macallan 10 Year Old Sherry Oak (Old bottling),
https://www.whiskyshop.com/craigellachie-31-year-old,Craigellachie 31 Year Old,
https://www.whiskyshop.com/first-editions-inchgower-2008-8-year-old-2018,First Editions Inchgower 2008 10 Year Old (2018),
https://www.whiskyshop.com/inchgower-27-year-old-2018-special-release,Inchgower 27 Year Old 2018 Special Release,
https://www.whiskyshop.com/glendronach-cask-strength-batch-7,GlenDronach Cask Strength Batch 7,
https://www.whiskyshop.com/glenfiddich-winter-storm-batch-2,Glenfiddich Winter Storm Batch 2,
https://www.whiskyshop.com/balvenie-tun-1509-batch-5,Balvenie Tun 1509 Batch 5,
https://www.whiskyshop.com/macallan-15-year-old-triple-cask,Macallan 15 Year Old Triple Cask,
https://www.whiskyshop.com/benriach-21-year-old-temporis,BenRiach 21 Year Old Temporis,138.00
https://www.whiskyshop.com/benriach-21-year-old,BenRiach 21 Year Old,138.00
https://www.whiskyshop.com/first-editions-miltonduff-2009,First Editions Miltonduff 2009,
https://www.whiskyshop.com/avonside-glenlivet-1938-35-year-old,Avonside Glenlivet 1938 35 Year Old,
https://www.whiskyshop.com/the-glenlivet-25-year-old,The Glenlivet 25 Year Old,
https://www.whiskyshop.com/banff-40-year-old-platinum-old-and-rare,Banff 40 Year Old Platinum Old and Rare,
https://www.whiskyshop.com/old-malt-cask-tamnavulin-22-year-old,Old Malt Cask Tamnavulin 22 Year Old,
https://www.whiskyshop.com/old-malt-cask-linkwood-19-year-old,Old Malt Cask Linkwood 19 Year Old,
https://www.whiskyshop.com/linkwood-37-year-old,Linkwood 37 Year Old 2016 Special Release ,
https://www.whiskyshop.com/benriach-21-year-old-tawny-port-wood-finish,BenRiach 21 Year Old Tawny Port Wood Finish,
https://www.whiskyshop.com/glenfiddich-50-year-old,Glenfiddich 50 Year Old,
https://www.whiskyshop.com/glenfarclas-15-year-old,Glenfarclas 15 Year Old,
https://www.whiskyshop.com/benriach-22-year-old-moscatel-finish,BenRiach 22 Year Old Moscatel Finish,
https://www.whiskyshop.com/glenfarclas-miniature-pack,Glenfarclas Mini Pack 3 x 5cl,33.00
https://www.whiskyshop.com/macallan-18-year-old-triple-cask,Macallan 18 Year Old Triple Cask ,
https://www.whiskyshop.com/glenfarclas-40-year-old,Glenfarclas 40 year old ,
https://www.whiskyshop.com/macallan-edition-4-whisky,Macallan Edition No.4,
https://www.whiskyshop.com/macallan-gold-double-cask,Macallan Gold Double Cask,
https://www.whiskyshop.com/macallan-25-year-old-anniversary-malt-70cl,Macallan Anniversary Malt 25 Year Old,
https://www.whiskyshop.com/glendronach-grandeur-batch-9-24-year-old,GlenDronach Grandeur Batch 9 24 Year Old,
https://www.whiskyshop.com/glenfarclas-1986-refill-sherry-butts-v,Glenfarclas 1986 Refill Sherry Butts V,
https://www.whiskyshop.com/glendronach-peated-port-wood,GlenDronach Peated Port Wood ,
https://www.whiskyshop.com/macallan-15-year-old-fine-oak,Macallan 15 Year Old Fine Oak,
https://www.whiskyshop.com/macallan-gold-gift-box,Macallan Gold Gift Box,
https://www.whiskyshop.com/benriach-batch-13-1986-30-year-old,BenRiach Batch 13 1986 30 Year Old,
https://www.whiskyshop.com/macallan-12-year-old-sherry-oak-limited-edition-gift-pack,Macallan 12 Year Old Sherry Oak Limited Edition Gift Tin,
https://www.whiskyshop.com/glenfarclas-21-year-old-with-ian-buxton-s-101-world-whiskies-to-try-before-you-die,Glenfarclas 21 year old with Ian Buxton's 101 World Whiskies to Try Before You Die,
https://www.whiskyshop.com/macallan-edition-no-3,Macallan Edition No.3,
https://www.whiskyshop.com/benriach-25-year-old-platinum-old-rare,BenRiach 25 Year Old Platinum Old &amp; Rare,
https://www.whiskyshop.com/glendronach-14-year-old-marsala-cask-finish,GlenDronach 14 Year Old Marsala Cask Finish,
https://www.whiskyshop.com/glenfiddich-snow-phoenix,Glenfiddich Snow Phoenix,
https://www.whiskyshop.com/benriach-cask-strength-batch-1,BenRiach Cask Strength Batch 1,
https://www.whiskyshop.com/glendronach-12-year-old-sauternes-finish,GlenDronach 12 Year Old Sauternes Finish,
https://www.whiskyshop.com/macallan-18-year-old-sherry-oak-2020,Macallan 18 Year Old Sherry Oak 2020,from 550.00
https://www.whiskyshop.com/the-macallan-18-year-old-fine-oak,The Macallan 18 Year Old Fine Oak,
https://www.whiskyshop.com/glenfiddich-the-family-collection-3x5cl,Glenfiddich The Family Collection 3x5cl,
https://www.whiskyshop.com/macallan-12-year-old-fine-oak,Macallan 12 Year Old Fine Oak,
https://www.whiskyshop.com/glenfiddich-15-year-old-gift-set,Glenfiddich 15 Year Old Gift Set,
https://www.whiskyshop.com/macallan-no-6-1824-series,Macallan No 6 1824 Series ,
https://www.whiskyshop.com/the-macallan-reflexion,Macallan Reflexion,
https://www.whiskyshop.com/glenfiddich-ipa-experiment,Glenfiddich IPA Experiment,
https://www.whiskyshop.com/aberlour-abunadh,Aberlour A'bunadh,80.00
https://www.whiskyshop.com/the-glenlivet-code,The Glenlivet Code,
https://www.whiskyshop.com/balvenie-tun-1509-batch-2,Balvenie Tun 1509 Batch 2,
https://www.whiskyshop.com/glenfarclas-60-year-old,Glenfarclas 60 year old ,
https://www.whiskyshop.com/glenfiddich-project-xx,Glenfiddich Project XX,49.00
https://www.whiskyshop.com/macallan-sienna,Macallan Sienna,
https://www.whiskyshop.com/the-glenlivet-nadurra-peated,The Glenlivet Nadurra Peated,72.00
https://www.whiskyshop.com/glenrothes-peated-cask-reserve,Glenrothes Peated Cask Reserve,
https://www.whiskyshop.com/glenfiddich-excellence-26-year-old,Glenfiddich 26 Year Old Excellence ,399.00
https://www.whiskyshop.com/mortlach-25-year-old,Mortlach 25 year old,
https://www.whiskyshop.com/macallan-amber-limited-edition-gift-pack,Macallan Amber Limited Edition Gift Pack,
https://www.whiskyshop.com/macallan-30-year-old-fine-oak,Macallan 30 year old Fine Oak,
https://www.whiskyshop.com/glenfiddich-40-year-old,Glenfiddich 40 Year Old Release No. 6,
https://www.whiskyshop.com/glenfarclas-25-year-old,Glenfarclas 25 year old ,
https://www.whiskyshop.com/balvenie-40-year-old,Balvenie 40 Year Old,
https://www.whiskyshop.com/old-malt-cask-craigellachie-21-year-old,Old Malt Cask Craigellachie 21 Year Old,
https://www.whiskyshop.com/benromach-peat-smoke,Benromach Peat Smoke,
https://www.whiskyshop.com/hepburn-s-choice-dailuaine-8-year-old-20cl,Hepburn's Choice Dailuaine 8 Year Old 20cl,
https://www.whiskyshop.com/old-malt-cask-craigellachie-20-year-old-20cl,Old Malt Cask Craigellachie 20 Year Old 20cl,
https://www.whiskyshop.com/old-malt-cask-aberlour-21-year-old,Old Malt Cask Aberlour 21 Year Old,
https://www.whiskyshop.com/glenfarclas-21-year-old,Glenfarclas 21 year old ,
https://www.whiskyshop.com/mortlach-18-year-old,Mortlach 18 year old,
https://www.whiskyshop.com/balvenie-25-year-old-single-barrel,Balvenie 25 year old Single Barrel,
https://www.whiskyshop.com/old-malt-cask-glen-moray-22-year-old,Old Malt Cask Glen Moray 22 Year Old,
https://www.whiskyshop.com/glenfiddich-the-original,Glenfiddich The Original,
https://www.whiskyshop.com/the-loch-fyne-glenrothes-12-year-old,The Loch Fyne Glenrothes 12 Year Old,
https://www.whiskyshop.com/first-editions-mortlach-2007,First Editions Mortlach 2007,
https://www.whiskyshop.com/singleton-of-dufftown-tailfire,Singleton of Dufftown Tailfire,
https://www.whiskyshop.com/benriach-20-year-old,BenRiach 20 Year Old,
https://www.whiskyshop.com/balvenie-21-year-old-portwood,Balvenie 21 Year Old PortWood,
https://www.whiskyshop.com/old-malt-cask-benrinnes-19-year-old,Old Malt Cask Benrinnes 19 Year Old,
https://www.whiskyshop.com/glen-moray-25-year-old,Glen Moray 25 Year Old,181.00
https://www.whiskyshop.com/singleton-of-dufftown-sunray,Singleton of Dufftown Sunray ,
https://www.whiskyshop.com/macallan-21-year-old-fine-oak,Macallan 21 Year Old Fine Oak,
https://www.whiskyshop.com/cardhu-12-year-old-gift-set,Cardhu 12 Year Old Gift Set,
https://www.whiskyshop.com/glenfiddich-18-year-old-small-batch,Glenfiddich 18 Year Old,75.00
https://www.whiskyshop.com/craigellachie-23-year-old,Craigellachie 23 Year Old,
https://www.whiskyshop.com/balvenie-17-year-old-doublewood,Balvenie 17 Year Old DoubleWood,
https://www.whiskyshop.com/mortlach-8-year-old-douglas-of-drumlanrig,Mortlach 8 Year Old Douglas of Drumlanrig,
https://www.whiskyshop.com/longmorn-distiller-s-choice,Longmorn Distiller's Choice,
https://www.whiskyshop.com/the-loch-fyne-aultmore-10-year-old,The Loch Fyne Aultmore 10 Year Old,
https://www.whiskyshop.com/glenrothes-sherry-cask-reserve,Glenrothes Sherry Cask Reserve,
https://www.whiskyshop.com/glenfiddich-15-year-old-solera,Glenfiddich 15 Year Old Solera,
https://www.whiskyshop.com/benriach-16-year-old,BenRiach 16 year old,
https://www.whiskyshop.com/balvenie-15-year-old-single-barrel-sherry-cask,Balvenie 15 Year Old Single Barrel Sherry Cask,140.00
https://www.whiskyshop.com/old-malt-cask-tamdhu-20-year-old,Old Malt Cask Tamdhu 20 Year Old,
https://www.whiskyshop.com/old-malt-cask-allt-a-bhainne-24-year-old,Old Malt Cask Allt a'Bhainne 24 Year Old,
https://www.whiskyshop.com/old-malt-cask-strathmill-21-year-old,Old Malt Cask Strathmill 21 Year Old,
https://www.whiskyshop.com/glenallachie-25-year-old-platinum-old-rare,Glenallachie 25 Year Old Platinum Old &amp; Rare,
https://www.whiskyshop.com/tamdhu-30-year-old-platinum-old-rare,Tamdhu 30 Year Old Platinum Old &amp; Rare,
https://www.whiskyshop.com/the-glenlivet-18-year-old,The Glenlivet 18 Year Old,
https://www.whiskyshop.com/glendronach-18-year-old,GlenDronach 18 Year Old ,
https://www.whiskyshop.com/cragganmore,Cragganmore 2016 Special Release,410.00
https://www.whiskyshop.com/auchroisk-25-year-old,Auchroisk 25 Year Old 2016 Special Release,
https://www.whiskyshop.com/craigellachie-17-year-old,Craigellachie 17 year old,
https://www.whiskyshop.com/kininvie-23-year-old-batch-3,Kininvie 23 Year Old Batch 3,
https://www.whiskyshop.com/strathmill-25-year-old,Strathmill 25 Year Old 2014 Special Release,285.00
https://www.whiskyshop.com/glenfiddich-14-year-old-rich-oak,Glenfiddich 14 Year Old Rich Oak,
https://www.whiskyshop.com/glenfarclas-10-year-old,Glenfarclas 10 Year Old,
https://www.whiskyshop.com/mannochmore-25-year-old-2016-special-release,Mannochmore 25 Year Old 2016 Special Release,
https://www.whiskyshop.com/old-malt-cask-glenallachie-21-year-old,Old Malt Cask Glenallachie 21 Year Old,
https://www.whiskyshop.com/aultmore-25-year-old-limited-edition,Aultmore 25 year old Limited Edition,
https://www.whiskyshop.com/mortlach-rare-old,Mortlach Rare Old,
https://www.whiskyshop.com/benriach-10-year-old,BenRiach 10 Year Old ,
https://www.whiskyshop.com/strathisla-12-year-old,Strathisla 12 Year Old,
https://www.whiskyshop.com/glenfiddich-12-year-old,Glenfiddich 12 Year Old,
https://www.whiskyshop.com/aultmore-12-year-old,Aultmore 12 Year Old,
